image_url,token
https://raw.githubusercontent.com/tamasbecsei/kalmirobu/main/Kalmi/Image0000.png,__Kalmi__
https://raw.githubusercontent.com/tamasbecsei/kalmirobu/main/Kalmi/Image0001.png,__Kalmi__
https://raw.githubusercontent.com/tamasbecsei/kalmirobu/main/Kalmi/Image0002.png,__Kalmi__
https://raw.githubusercontent.com/tamasbecsei/kalmirobu/main/Kalmi/Image0003.png,__Kalmi__
https://raw.githubusercontent.com/tamasbecsei/kalmirobu/main/Kalmi/Image0004.png,__Kalmi__
https://raw.githubusercontent.com/tamasbecsei/kalmirobu/main/Kalmi/Image0005.png,__Kalmi__
https://raw.githubusercontent.com/tamasbecsei/kalmirobu/main/Kalmi/Image0006.png,__Kalmi__
https://raw.githubusercontent.com/tamasbecsei/kalmirobu/main/Kalmi/Image0007.png,__Kalmi__
https://raw.githubusercontent.com/tamasbecsei/kalmirobu/main/Kalmi/Image0008.png,__Kalmi__
https://raw.githubusercontent.com/tamasbecsei/kalmirobu/main/Kalmi/Image0009.png,__Kalmi__
https://raw.githubusercontent.com/tamasbecsei/kalmirobu/main/Kalmi/Image0010.png,__Kalmi__
https://raw.githubusercontent.com/tamasbecsei/kalmirobu/main/Kalmi/Image0011.png,__Kalmi__
https://raw.githubusercontent.com/tamasbecsei/kalmirobu/main/Kalmi/Image0012.png,__Kalmi__
https://raw.githubusercontent.com/tamasbecsei/kalmirobu/main/Kalmi/Image0013.png,__Kalmi__
https://raw.githubusercontent.com/tamasbecsei/kalmirobu/main/Kalmi/Image0014.png,__Kalmi__
https://raw.githubusercontent.com/tamasbecsei/kalmirobu/main/Kalmi/Image0015.png,__Kalmi__
https://raw.githubusercontent.com/tamasbecsei/kalmirobu/main/Kalmi/Image0016.png,__Kalmi__
https://raw.githubusercontent.com/tamasbecsei/kalmirobu/main/Kalmi/Image0017.png,__Kalmi__
https://raw.githubusercontent.com/tamasbecsei/kalmirobu/main/Kalmi/Image0018.png,__Kalmi__
https://raw.githubusercontent.com/tamasbecsei/kalmirobu/main/Kalmi/Image0019.png,__Kalmi__
https://raw.githubusercontent.com/tamasbecsei/kalmirobu/main/Kalmi/Image0020.png,__Kalmi__
https://raw.githubusercontent.com/tamasbecsei/kalmirobu/main/Kalmi/Image0021.png,__Kalmi__
https://raw.githubusercontent.com/tamasbecsei/kalmirobu/main/Kalmi/Image0022.png,__Kalmi__
https://raw.githubusercontent.com/tamasbecsei/kalmirobu/main/Kalmi/Image0023.png,__Kalmi__
https://raw.githubusercontent.com/tamasbecsei/kalmirobu/main/Kalmi/Image0024.png,__Kalmi__
https://raw.githubusercontent.com/tamasbecsei/kalmirobu/main/Kalmi/Image0025.png,__Kalmi__
https://raw.githubusercontent.com/tamasbecsei/kalmirobu/main/Kalmi/Image0026.png,__Kalmi__
https://raw.githubusercontent.com/tamasbecsei/kalmirobu/main/Kalmi/Image0027.png,__Kalmi__
https://raw.githubusercontent.com/tamasbecsei/kalmirobu/main/Kalmi/Image0028.png,__Kalmi__
https://raw.githubusercontent.com/tamasbecsei/kalmirobu/main/Kalmi/Image0029.png,__Kalmi__
https://raw.githubusercontent.com/tamasbecsei/kalmirobu/main/Kalmi/Image0030.png,__Kalmi__
https://raw.githubusercontent.com/tamasbecsei/kalmirobu/main/Kalmi/Image0031.png,__Kalmi__
https://raw.githubusercontent.com/tamasbecsei/kalmirobu/main/Kalmi/Image0032.png,__Kalmi__
https://raw.githubusercontent.com/tamasbecsei/kalmirobu/main/Kalmi/Image0033.png,__Kalmi__
https://raw.githubusercontent.com/tamasbecsei/kalmirobu/main/Kalmi/Image0034.png,__Kalmi__
https://raw.githubusercontent.com/tamasbecsei/kalmirobu/main/Kalmi/Image0035.png,__Kalmi__
https://raw.githubusercontent.com/tamasbecsei/kalmirobu/main/Kalmi/Image0036.png,__Kalmi__
https://raw.githubusercontent.com/tamasbecsei/kalmirobu/main/Kalmi/Image0037.png,__Kalmi__
https://raw.githubusercontent.com/tamasbecsei/kalmirobu/main/Kalmi/Image0038.png,__Kalmi__
https://raw.githubusercontent.com/tamasbecsei/kalmirobu/main/Kalmi/Image0039.png,__Kalmi__
https://raw.githubusercontent.com/tamasbecsei/kalmirobu/main/Kalmi/Image0040.png,__Kalmi__
https://raw.githubusercontent.com/tamasbecsei/kalmirobu/main/Robu/Image0000.png,__Robu__
https://raw.githubusercontent.com/tamasbecsei/kalmirobu/main/Robu/Image0001.png,__Robu__
https://raw.githubusercontent.com/tamasbecsei/kalmirobu/main/Robu/Image0002.png,__Robu__
https://raw.githubusercontent.com/tamasbecsei/kalmirobu/main/Robu/Image0003.png,__Robu__
https://raw.githubusercontent.com/tamasbecsei/kalmirobu/main/Robu/Image0004.png,__Robu__
https://raw.githubusercontent.com/tamasbecsei/kalmirobu/main/Robu/Image0005.png,__Robu__
https://raw.githubusercontent.com/tamasbecsei/kalmirobu/main/Robu/Image0006.png,__Robu__
https://raw.githubusercontent.com/tamasbecsei/kalmirobu/main/Robu/Image0007.png,__Robu__
https://raw.githubusercontent.com/tamasbecsei/kalmirobu/main/Robu/Image0008.png,__Robu__
https://raw.githubusercontent.com/tamasbecsei/kalmirobu/main/Robu/Image0009.png,__Robu__
https://raw.githubusercontent.com/tamasbecsei/kalmirobu/main/Robu/Image0010.png,__Robu__
https://raw.githubusercontent.com/tamasbecsei/kalmirobu/main/Robu/Image0011.png,__Robu__
https://raw.githubusercontent.com/tamasbecsei/kalmirobu/main/Robu/Image0012.png,__Robu__
https://raw.githubusercontent.com/tamasbecsei/kalmirobu/main/Robu/Image0013.png,__Robu__
https://raw.githubusercontent.com/tamasbecsei/kalmirobu/main/Robu/Image0014.png,__Robu__
https://raw.githubusercontent.com/tamasbecsei/kalmirobu/main/Robu/Image0015.png,__Robu__
https://raw.githubusercontent.com/tamasbecsei/kalmirobu/main/Robu/Image0016.png,__Robu__
https://raw.githubusercontent.com/tamasbecsei/kalmirobu/main/Robu/Image0017.png,__Robu__
https://raw.githubusercontent.com/tamasbecsei/kalmirobu/main/Robu/Image0018.png,__Robu__
https://raw.githubusercontent.com/tamasbecsei/kalmirobu/main/Robu/Image0019.png,__Robu__
https://raw.githubusercontent.com/tamasbecsei/kalmirobu/main/Robu/Image0020.png,__Robu__
https://raw.githubusercontent.com/tamasbecsei/kalmirobu/main/Robu/Image0021.png,__Robu__
https://raw.githubusercontent.com/tamasbecsei/kalmirobu/main/Robu/Image0022.png,__Robu__
https://raw.githubusercontent.com/tamasbecsei/kalmirobu/main/Robu/Image0023.png,__Robu__
https://raw.githubusercontent.com/tamasbecsei/kalmirobu/main/Robu/Image0024.png,__Robu__
https://raw.githubusercontent.com/tamasbecsei/kalmirobu/main/Robu/Image0025.png,__Robu__
https://raw.githubusercontent.com/tamasbecsei/kalmirobu/main/Robu/Image0026.png,__Robu__
https://raw.githubusercontent.com/tamasbecsei/kalmirobu/main/Robu/Image0027.png,__Robu__
https://raw.githubusercontent.com/tamasbecsei/kalmirobu/main/Robu/Image0028.png,__Robu__
https://raw.githubusercontent.com/tamasbecsei/kalmirobu/main/Robu/Image0029.png,__Robu__
https://raw.githubusercontent.com/tamasbecsei/kalmirobu/main/Robu/Image0030.png,__Robu__
https://raw.githubusercontent.com/tamasbecsei/kalmirobu/main/Robu/Image0031.png,__Robu__
https://raw.githubusercontent.com/tamasbecsei/kalmirobu/main/Robu/Image0032.png,__Robu__
https://raw.githubusercontent.com/tamasbecsei/kalmirobu/main/Robu/Image0033.png,__Robu__
https://raw.githubusercontent.com/tamasbecsei/kalmirobu/main/Robu/Image0034.png,__Robu__
https://raw.githubusercontent.com/tamasbecsei/kalmirobu/main/Robu/Image0035.png,__Robu__
https://raw.githubusercontent.com/tamasbecsei/kalmirobu/main/Robu/Image0036.png,__Robu__
https://raw.githubusercontent.com/tamasbecsei/kalmirobu/main/Robu/Image0037.png,__Robu__
https://raw.githubusercontent.com/tamasbecsei/kalmirobu/main/Robu/Image0038.png,__Robu__
https://raw.githubusercontent.com/tamasbecsei/kalmirobu/main/Robu/Image0039.png,__Robu__
https://raw.githubusercontent.com/tamasbecsei/kalmirobu/main/Robu/Image0040.png,__Robu__
